{
    "frr": 0.04590354445090064,
    "far": 0.14213197969543148,
    "acc": [
        0.6607448789349704,
        0.860372439447506,
        0.9049534450696167,
        0.9231657355457711,
        0.9358286778087722,
        0.9442458100247871,
        0.9514711359492893,
        0.9582867783629917,
        0.9596275605258551,
        0.9598510241819271,
        0.9675977653675684,
        0.9727374301720376,
        0.9703165735257182,
        0.9786219739292364,
        0.9756424581049985,
        0.9771322159793789,
        0.9842458100203473,
        0.9842458100203473,
        0.9817132215659712,
        0.9801489757958737
    ],
    "val_acc": [
        0.7761409589488131,
        0.8473907182860783,
        0.8798382438126727,
        0.8858078181823967,
        0.9036202579937572,
        0.9119006354363924,
        0.9029462738416338,
        0.9174850760639323,
        0.9166185249029821,
        0.8638551896898912,
        0.9180627767690317,
        0.9125746196344274,
        0.9140188715578663,
        0.917870209852028,
        0.8922588098905414,
        0.9128634700099328,
        0.912478336221837,
        0.9040053918277646,
        0.9111303677568999,
        0.9093972655497785
    ],
    "params": {
        "noise_source_path": "files/",
        "pre_emphasis_coef": 0.95,
        "ckp_folder": "checkpoints/",
        "noise_samples": 5000,
        "augmentation_folder": "augmentation",
        "random_time_shift": true,
        "use_dct": false,
        "power_of_2": true,
        "number_of_filters": 40,
        "architecture": "improved-cnn-trad-fpool3",
        "frame_step": 160,
        "num_epochs": 20,
        "pool": [
            1,
            1
        ],
        "hidden_layers": 2,
        "stride": [
            1,
            1
        ],
        "add_delta": false,
        "smooth_length": 5,
        "filters": [
            128,
            64
        ],
        "name": "train31_",
        "noise_output_path": "data/26 silence/",
        "training_logs_folder": "training_logs/",
        "datasetpath": "data/",
        "frame_length": 400,
        "dropout_prob": 0.0,
        "exclude_augmentation": true,
        "hertz_from": 300,
        "target_frame_number": 110,
        "seed": 30,
        "batchsize": 64,
        "kernel": [
            2,
            2
        ],
        "normalization_method": 0,
        "smooth": true
    },
    "model": "{\"backend\": \"tensorflow\", \"keras_version\": \"2.2.4\", \"class_name\": \"Model\", \"config\": {\"name\": \"1-conv-model\", \"input_layers\": [[\"input_1\", 0, 0]], \"layers\": [{\"inbound_nodes\": [], \"name\": \"input_1\", \"config\": {\"batch_input_shape\": [null, 110, 40, 1], \"dtype\": \"float32\", \"sparse\": false, \"name\": \"input_1\"}, \"class_name\": \"InputLayer\"}, {\"inbound_nodes\": [[[\"input_1\", 0, 0, {}]]], \"name\": \"batch_normalization_1\", \"config\": {\"beta_constraint\": null, \"axis\": -1, \"gamma_initializer\": {\"class_name\": \"Ones\", \"config\": {}}, \"scale\": true, \"name\": \"batch_normalization_1\", \"beta_regularizer\": null, \"epsilon\": 0.001, \"beta_initializer\": {\"class_name\": \"Zeros\", \"config\": {}}, \"gamma_regularizer\": null, \"trainable\": true, \"center\": true, \"momentum\": 0.99, \"gamma_constraint\": null, \"moving_variance_initializer\": {\"class_name\": \"Ones\", \"config\": {}}, \"moving_mean_initializer\": {\"class_name\": \"Zeros\", \"config\": {}}}, \"class_name\": \"BatchNormalization\"}, {\"inbound_nodes\": [[[\"batch_normalization_1\", 0, 0, {}]]], \"name\": \"conv0\", \"config\": {\"activation\": \"linear\", \"dilation_rate\": [1, 1], \"padding\": \"valid\", \"name\": \"conv0\", \"bias_constraint\": null, \"filters\": 64, \"kernel_regularizer\": null, \"strides\": [1, 1], \"use_bias\": true, \"kernel_constraint\": null, \"trainable\": true, \"data_format\": \"channels_last\", \"kernel_initializer\": {\"class_name\": \"VarianceScaling\", \"config\": {\"seed\": null, \"distribution\": \"uniform\", \"scale\": 1.0, \"mode\": \"fan_avg\"}}, \"bias_regularizer\": null, \"bias_initializer\": {\"class_name\": \"Zeros\", \"config\": {}}, \"activity_regularizer\": null, \"kernel_size\": [7, 3]}, \"class_name\": \"Conv2D\"}, {\"inbound_nodes\": [[[\"conv0\", 0, 0, {}]]], \"name\": \"conv0b\", \"config\": {\"activation\": \"linear\", \"dilation_rate\": [1, 1], \"padding\": \"valid\", \"name\": \"conv0b\", \"bias_constraint\": null, \"filters\": 64, \"kernel_regularizer\": null, \"strides\": [1, 1], \"use_bias\": true, \"kernel_constraint\": null, \"trainable\": true, \"data_format\": \"channels_last\", \"kernel_initializer\": {\"class_name\": \"VarianceScaling\", \"config\": {\"seed\": null, \"distribution\": \"uniform\", \"scale\": 1.0, \"mode\": \"fan_avg\"}}, \"bias_regularizer\": null, \"bias_initializer\": {\"class_name\": \"Zeros\", \"config\": {}}, \"activity_regularizer\": null, \"kernel_size\": [7, 3]}, \"class_name\": \"Conv2D\"}, {\"inbound_nodes\": [[[\"conv0b\", 0, 0, {}]]], \"name\": \"batch_normalization_2\", \"config\": {\"beta_constraint\": null, \"axis\": -1, \"gamma_initializer\": {\"class_name\": \"Ones\", \"config\": {}}, \"scale\": true, \"name\": \"batch_normalization_2\", \"beta_regularizer\": null, \"epsilon\": 0.001, \"beta_initializer\": {\"class_name\": \"Zeros\", \"config\": {}}, \"gamma_regularizer\": null, \"trainable\": true, \"center\": true, \"momentum\": 0.99, \"gamma_constraint\": null, \"moving_variance_initializer\": {\"class_name\": \"Ones\", \"config\": {}}, \"moving_mean_initializer\": {\"class_name\": \"Zeros\", \"config\": {}}}, \"class_name\": \"BatchNormalization\"}, {\"inbound_nodes\": [[[\"batch_normalization_2\", 0, 0, {}]]], \"name\": \"activation_2\", \"config\": {\"activation\": \"relu\", \"trainable\": true, \"name\": \"activation_2\"}, \"class_name\": \"Activation\"}, {\"inbound_nodes\": [[[\"activation_2\", 0, 0, {}]]], \"name\": \"maxpool\", \"config\": {\"pool_size\": [1, 3], \"padding\": \"valid\", \"data_format\": \"channels_last\", \"name\": \"maxpool\", \"trainable\": true, \"strides\": [1, 3]}, \"class_name\": \"MaxPooling2D\"}, {\"inbound_nodes\": [[[\"maxpool\", 0, 0, {}]]], \"name\": \"dropout_1\", \"config\": {\"seed\": null, \"rate\": 0.0, \"noise_shape\": null, \"trainable\": true, \"name\": \"dropout_1\"}, \"class_name\": \"Dropout\"}, {\"inbound_nodes\": [[[\"dropout_1\", 0, 0, {}]]], \"name\": \"conv1\", \"config\": {\"activation\": \"linear\", \"dilation_rate\": [1, 1], \"padding\": \"valid\", \"name\": \"conv1\", \"bias_constraint\": null, \"filters\": 32, \"kernel_regularizer\": null, \"strides\": [1, 1], \"use_bias\": true, \"kernel_constraint\": null, \"trainable\": true, \"data_format\": \"channels_last\", \"kernel_initializer\": {\"class_name\": \"VarianceScaling\", \"config\": {\"seed\": null, \"distribution\": \"uniform\", \"scale\": 1.0, \"mode\": \"fan_avg\"}}, \"bias_regularizer\": null, \"bias_initializer\": {\"class_name\": \"Zeros\", \"config\": {}}, \"activity_regularizer\": null, \"kernel_size\": [3, 3]}, \"class_name\": \"Conv2D\"}, {\"inbound_nodes\": [[[\"conv1\", 0, 0, {}]]], \"name\": \"activation_3\", \"config\": {\"activation\": \"relu\", \"trainable\": true, \"name\": \"activation_3\"}, \"class_name\": \"Activation\"}, {\"inbound_nodes\": [[[\"activation_3\", 0, 0, {}]]], \"name\": \"conv1b\", \"config\": {\"activation\": \"linear\", \"dilation_rate\": [1, 1], \"padding\": \"valid\", \"name\": \"conv1b\", \"bias_constraint\": null, \"filters\": 32, \"kernel_regularizer\": null, \"strides\": [1, 1], \"use_bias\": true, \"kernel_constraint\": null, \"trainable\": true, \"data_format\": \"channels_last\", \"kernel_initializer\": {\"class_name\": \"VarianceScaling\", \"config\": {\"seed\": null, \"distribution\": \"uniform\", \"scale\": 1.0, \"mode\": \"fan_avg\"}}, \"bias_regularizer\": null, \"bias_initializer\": {\"class_name\": \"Zeros\", \"config\": {}}, \"activity_regularizer\": null, \"kernel_size\": [3, 3]}, 