{
    "far": 0.06091370558375635,
    "test_acc": "0.9168753129694541",
    "confusion_matrix": [
        [
            193.0,
            0.0,
            0.0,
            1.0,
            0.0,
            0.0,
            3.0,
            1.0,
            0.0,
            2.0
        ],
        [
            9.0,
            172.0,
            1.0,
            1.0,
            2.0,
            2.0,
            1.0,
            0.0,
            0.0,
            12.0
        ],
        [
            3.0,
            6.0,
            163.0,
            5.0,
            4.0,
            4.0,
            2.0,
            0.0,
            1.0,
            12.0
        ],
        [
            1.0,
            0.0,
            0.0,
            185.0,
            6.0,
            0.0,
            1.0,
            1.0,
            1.0,
            5.0
        ],
        [
            5.0,
            0.0,
            0.0,
            1.0,
            188.0,
            0.0,
            0.0,
            0.0,
            1.0,
            5.0
        ],
        [
            2.0,
            1.0,
            0.0,
            3.0,
            0.0,
            175.0,
            2.0,
            5.0,
            1.0,
            11.0
        ],
        [
            12.0,
            0.0,
            0.0,
            1.0,
            0.0,
            0.0,
            182.0,
            1.0,
            0.0,
            4.0
        ],
        [
            2.0,
            2.0,
            0.0,
            0.0,
            0.0,
            2.0,
            2.0,
            188.0,
            0.0,
            4.0
        ],
        [
            0.0,
            0.0,
            0.0,
            0.0,
            0.0,
            0.0,
            0.0,
            0.0,
            200.0,
            0.0
        ],
        [
            2.0,
            2.0,
            0.0,
            3.0,
            0.0,
            0.0,
            5.0,
            0.0,
            0.0,
            185.0
        ]
    ],
    "params": {
        "smooth": true,
        "random_time_shift": true,
        "normalization_method": 2,
        "kernel": [
            2,
            2
        ],
        "hidden_layers": 2,
        "ckp_folder": "checkpoints/",
        "power_of_2": true,
        "frame_step": 160,
        "frame_length": 400,
        "stride": [
            1,
            1
        ],
        "noise_samples": 5000,
        "noise_output_path": "data/26 silence/",
        "use_dct": false,
        "training_logs_folder": "training_logs/",
        "target_frame_number": 110,
        "add_delta": true,
        "noise_source_path": "files/",
        "batchsize": 64,
        "seed": 30,
        "pool": [
            1,
            1
        ],
        "dropout_prob": 0.0,
        "datasetpath": "data/",
        "num_epochs": 20,
        "name": "train32_",
        "augmentation_folder": "augmentation",
        "exclude_augmentation": true,
        "hertz_from": 300,
        "pre_emphasis_coef": 0.95,
        "smooth_length": 5,
        "architecture": "improved-cnn-trad-fpool3",
        "number_of_filters": 40,
        "filters": [
            128,
            64
        ]
    },
    "loss": [
        1.0208882741777145,
        0.4077231369182828,
        0.30305843928450754,
        0.24717821506259605,
        0.2011456928073361,
        0.16960748143813242,
        0.14897132806604801,
        0.1286228241844994,
        0.11812111985874908,
        0.10614843819200216,
        0.10468906249524938,
        0.08559647294729116,
        0.0785557802540408,
        0.07069944214577019,
        0.06807681990013886,
        0.06747400361010926,
        0.046901920278811585,
        0.05904882355983364,
        0.0662142100264934,
        0.05152385746689038
    ],
    "val_loss": [
        0.6794494305780897,
        1.0209059696906384,
        0.4961078853396444,
        0.47508767939890234,
        0.30810200410520044,
        0.3513808790805963,
        0.31741694770014495,
        0.3813352524694762,
        0.38930377060568633,
        0.36251433288663104,
        0.45327497889902374,
        0.34508293426934405,
        0.35086516243126403,
        0.43472126157853547,
        0.3841898553769253,
        0.36423721470780945,
        0.411487371159867,
        0.38628230022828564,
        0.49759030957316563,
        0.42310298389606155
    ],
    "val_acc": [
        0.7844213364029261,
        0.6736953591373002,
        0.8398806084655462,
        0.8566339303252097,
        0.899480069335568,
        0.8969766994259983,
        0.9030425573116135,
        0.8863855189448856,
        0.9000577700980569,
        0.9082418640707124,
        0.8881186211864406,
        0.9121894858578095,
        0.9146928557788571,
        0.89601386484098,
        0.913826304606429,
        0.908241864001845,
        0.9117080685193888,
        0.918929327907026,
        0.8989023685386455,
        0.9145965723203552
    ],
    "acc": [
        0.6406703910658923,
        0.8633891992684405,
        0.9004096833909246,
        0.9171694599671959,
        0.9331471135984808,
        0.9417877094616881,
        0.9489385474549548,
        0.9553072625387536,
        0.9589571694599628,
        0.9639106145251397,
        0.9639851023897779,
        0.9703910614169954,
        0.9733705772456732,
        0.97512104283054,
        0.9762383612662943,
        0.9779143388844069,
        0.9845437616076549,
        0.9807448789216509,
        0.9785474860335196,
        0.9835009310986964
    ],