{
    "acc": [
        0.6958530496509843,
        0.8780505980192413,
        0.9082305600148448,
        0.9240657252594515,
        0.9371437087908796,
        0.9428816274912784,
        0.9481724356524772,
        0.9548045754312754,
        0.9575990163745608,
        0.9660568575336022,
        0.966727523389039,
        0.9707515183129029,
        0.9717947762584299,
        0.9735087000260815,
        0.9732851447609232,
        0.9760050672284493,
        0.9767875107297901,
        0.9834196505085883,
        0.9824509109877417,
        0.9841648347731599
    ],
    "params": {
        "datasetpath": "data/",
        "name": "train36_",
        "target_frame_number": 110,
        "power_of_2": true,
        "smooth_length": 5,
        "num_epochs": 20,
        "pre_emphasis_coef": 0.95,
        "filters": [
            128,
            64
        ],
        "kernel": [
            2,
            2
        ],
        "ckp_folder": "checkpoints/",
        "smooth": true,
        "normalization_method": 1,
        "training_logs_folder": "training_logs/",
        "pool": [
            1,
            1
        ],
        "add_delta": true,
        "augmentation_folder": "augmentation",
        "exclude_augmentation": true,
        "noise_output_path": "data/26 silence/",
        "noise_samples": 5000,
        "random_time_shift": true,
        "seed": 30,
        "dropout_prob": 0.0,
        "hidden_layers": 2,
        "architecture": "improved-cnn-trad-fpool3",
        "stride": [
            1,
            1
        ],
        "frame_step": 160,
        "use_dct": false,
        "hertz_from": 300,
        "number_of_filters": 40,
        "frame_length": 400,
        "noise_source_path": "files/",
        "batchsize": 64
    },
    "val_loss": [
        0.6077873072737848,
        0.4082432491445276,
        0.41062947459319865,
        0.39951771327607477,
        0.32463322991411114,
        0.2635412422047655,
        0.28227546242895024,
        0.49510180489640726,
        0.3507802912175323,
        0.3749608102725511,
        0.41503764299757084,
        0.39527656217274837,
        0.30641534114007696,
        0.42193359731138613,
        0.2875962833727687,
        0.3615054006235613,
        0.4020387623806355,
        0.40802908047973574,
        0.39569050334816414,
        0.4716923338631907
    ],
    "test_acc": "0.9084542271731912",
    "test_loss": "0.4828207696845784",
    "far": 0.1507537688442211,
    "val_acc": [
        0.7980011531464898,
        0.8670959062996035,
        0.8693061695290418,
        0.8740149914427902,
        0.896309821199688,
        0.9187968479837795,
        0.9145685181053194,
        0.8724774168977916,
        0.8981356910391769,
        0.9089948106288634,
        0.9036133000306755,
        0.8941956563635604,
        0.92110320976691,
        0.9061118584858691,
        0.9270613107364177,
        0.9156256005577507,
        0.9121660581350831,
        0.9077455315158249,
        0.91293484530448,
        0.907553334706292
    ],
    "model": "{\"class_name\": \"Model\", \"backend\": \"tensorflow\", \"config\": {\"output_layers\": [[\"softmax\", 0, 0]], \"name\": \"1-conv-model\", \"input_layers\": [[\"input_1\", 0, 0]], \"layers\": [{\"name\": \"input_1\", \"class_name\": \"InputLayer\", \"config\": {\"name\": \"input_1\", \"batch_input_shape\": [null, 110, 40, 3], \"dtype\": \"float32\", \"sparse\": false}, \"inbound_nodes\": []}, {\"name\": \"batch_normalization_1\", \"class_name\": \"BatchNormalization\", \"config\": {\"scale\": true, \"name\": \"batch_normalization_1\", \"moving_mean_initializer\": {\"class_name\": \"Zeros\", \"config\": {}}, \"momentum\": 0.99, \"axis\": -1, \"moving_variance_initializer\": {\"class_name\": \"Ones\", \"config\": {}}, \"center\": true, \"gamma_constraint\": null, \"epsilon\": 0.001, \"beta_constraint\": null, \"trainable\": true, \"beta_regularizer\": null, \"beta_initializer\": {\"class_name\": \"Zeros\", \"config\": {}}, \"gamma_regularizer\": null, \"gamma_initializer\": {\"class_name\": \"Ones\", \"config\": {}}}, \"inbound_nodes\": [[[\"input_1\", 0, 0, {}]]]}, {\"name\": \"conv0\", \"class_name\": \"Conv2D\", \"config\": {\"name\": \"conv0\", \"kernel_constraint\": null, \"trainable\": true, \"activity_regularizer\": null, \"padding\": \"valid\", \"data_format\": \"channels_last\", \"strides\": [1, 1], \"use_bias\": true, \"filters\": 64, \"bias_constraint\": null, \"kernel_size\": [7, 3], \"kernel_initializer\": {\"class_name\": \"VarianceScaling\", \"config\": {\"scale\": 1.0, \"seed\": null, \"distribution\": \"uniform\", \"mode\": \"fan_avg\"}}, \"kernel_regularizer\": null, \"activation\": \"linear\", \"bias_regularizer\": null, \"dilation_rate\": [1, 1], \"bias_initializer\": {\"class_name\": \"Zeros\", \"config\": {}}}, \"inbound_nodes\": [[[\"batch_normalization_1\", 0, 0, {}]]]}, {\"name\": \"conv0b\", \"class_name\": \"Conv2D\", \"config\": {\"name\": \"conv0b\", \"kernel_constraint\": null, \"trainable\": true, \"activity_regularizer\": null, \"padding\": \"valid\", \"data_format\": \"channels_last\", \"strides\": [1, 1], \"use_bias\": true, \"filters\": 64, \"bias_constraint\": null, \"kernel_size\": [7, 3], \"kernel_initializer\": {\"class_name\": \"VarianceScaling\", \"config\": {\"scale\": 1.0, \"seed\": null, \"distribution\": \"uniform\", \"mode\": \"fan_avg\"}}, \"kernel_regularizer\": null, \"activation\": \"linear\", \"bias_regularizer\": null, \"dilation_rate\": [1, 1], \"bias_initializer\": {\"class_name\": \"Zeros\", \"config\": {}}}, \"inbound_nodes\": [[[\"conv0\", 0, 0, {}]]]}, {\"name\": \"batch_normalization_2\", \"class_name\": \"BatchNormalization\", \"config\": {\"scale\": true, \"name\": \"batch_normalization_2\", \"moving_mean_initializer\": {\"class_name\": \"Zeros\", \"config\": {}}, \"momentum\": 0.99, \"axis\": -1, \"moving_variance_initializer\": {\"class_name\": \"Ones\", \"config\": {}}, \"center\": true, \"gamma_constraint\": null, \"epsilon\": 0.001, \"beta_constraint\": null, \"trainable\": true, \"beta_regularizer\": null, \"beta_initializer\": {\"class_name\": \"Zeros\", \"config\": {}}, \"gamma_regularizer\": null, \"gamma_initializer\": {\"class_name\": \"Ones\", \"config\": {}}}, \"inbound_nodes\": [[[\"conv0b\", 0, 0, {}]]]}, {\"name\": \"activation_2\", \"class_name\": \"Activation\", \"config\": {\"activation\": \"relu\", \"name\": \"activation_2\", \"trainable\": true}, \"inbound_nodes\": [[[\"batch_normalization_2\", 0, 0, {}]]]}, {\"name\": \"maxpool\", \"class_name\": \"MaxPooling2D\", \"config\": {\"name\": \"maxpool\", \"pool_size\": [1, 3], \"trainable\": true, \"padding\": \"valid\", \"data_format\": \"channels_last\", \"strides\": [1, 3]}, \"inbound_nodes\": [[[\"activation_2\", 0, 0, {}]]]}, {\"name\": \"dropout_1\", \"class_name\": \"Dropout\", \"config\": {\"trainable\": true, \"name\": \"dropout_1\", \"seed\": null, \"noise_shape\": null, \"rate\": 0.0}, \"inbound_nodes\": [[[\"maxpool\", 0, 0, {}]]]}, {\"name\": \"conv1\", \"class_name\": \"Conv2D\", \"config\": {\"name\": \"conv1\", \"kernel_constraint\": null, \"trainable\": true, \"activity_regularizer\": null, \"padding\": \"valid\", \"data_format\": \"channels_last\", \"strides\": [1, 1], \"use_bias\": true, \"filters\": 32, \"bias_constraint\": null, \"kernel_size\": [3, 3], \"kernel_initializer\": {\"class_name\": \"VarianceScaling\", \"config\": {\"scale\": 1.0, \"seed\": null, \"distribution\": \"uniform\", \"mode\": \"fan_avg\"}}, \"kernel_regularizer\": null, \"activation\": \"linear\", \"bias_regularizer\": null, \"dilation_rate\": [1, 1], \"bias_initializer\": {\"class_name\": \"Zeros\", \"config\": {}}}, \"inbound_nodes\": [[[\"dropout_1\", 0, 0, {}]]]}, {\"name\": \"activation_3\", \"class_name\": \"Activation\", \"config\": {\"activation\": \"relu\", \"name\": \"activation_3\", \"trainable\": true}, \"inbound_nodes\": [[[\"conv1\", 0, 0, {}]]]}, {\"name\": \"conv1b\", \"class_name\": \"Conv2D\", \"config\": 