{
    "far": 0.1507537688442211,
    "confusion_matrix": [
        [
            182.0,
            5.0,
            0.0,
            1.0,
            1.0,
            0.0,
            1.0,
            1.0,
            0.0,
            9.0
        ],
        [
            3.0,
            174.0,
            2.0,
            2.0,
            1.0,
            2.0,
            3.0,
            0.0,
            0.0,
            13.0
        ],
        [
            1.0,
            2.0,
            165.0,
            10.0,
            1.0,
            6.0,
            2.0,
            1.0,
            0.0,
            12.0
        ],
        [
            1.0,
            0.0,
            0.0,
            182.0,
            1.0,
            5.0,
            1.0,
            0.0,
            0.0,
            10.0
        ],
        [
            3.0,
            0.0,
            1.0,
            1.0,
            187.0,
            2.0,
            0.0,
            0.0,
            0.0,
            6.0
        ],
        [
            4.0,
            0.0,
            0.0,
            0.0,
            0.0,
            183.0,
            2.0,
            6.0,
            0.0,
            5.0
        ],
        [
            18.0,
            0.0,
            0.0,
            1.0,
            0.0,
            0.0,
            173.0,
            1.0,
            0.0,
            7.0
        ],
        [
            4.0,
            0.0,
            0.0,
            0.0,
            0.0,
            2.0,
            2.0,
            190.0,
            1.0,
            1.0
        ],
        [
            0.0,
            0.0,
            0.0,
            0.0,
            0.0,
            0.0,
            0.0,
            0.0,
            200.0,
            0.0
        ],
        [
            7.0,
            4.0,
            0.0,
            6.0,
            4.0,
            4.0,
            4.0,
            1.0,
            0.0,
            169.0
        ]
    ],
    "val_acc": [
        0.701518354692208,
        0.8089563713471477,
        0.858927541745527,
        0.8670959062194128,
        0.8395156640628886,
        0.8448971746496208,
        0.8812223717888203,
        0.9026523159830107,
        0.9083221218642331,
        0.8863155871841648,
        0.8802613876151415,
        0.8968864116282869,
        0.8985200846467869,
        0.8842975206726128,
        0.9125504517426931,
        0.9030367096020766,
        0.8973669037208543,
        0.9077455314356342,
        0.9110128771976945,
        0.9132231404385887
    ],
    "test_acc": "0.9029514757378689",
    "frr": 0.03626943005181347,
    "loss": [
        1.2339122100946662,
        0.5579658211390189,
        0.4196244041167915,
        0.343099766559717,
        0.29969030983604195,
        0.26437513697149145,
        0.239555347163554,
        0.22159275911134074,
        0.20404056584905786,
        0.18868589202259456,
        0.1745134435355066,
        0.1620161240368203,
        0.15409645280626946,
        0.14551956590068355,
        0.137444393473409,
        0.13190650316945282,
        0.12154195416750507,
        0.1244413095102602,
        0.11459635053374222,
        0.11070718722485755
    ],
    "val_loss": [
        0.8375023132032233,
        0.5881380570202911,
        0.43849897090801704,
        0.4143077781767243,
        0.5371690021783784,
        0.48206542490446497,
        0.3902120522849724,
        0.2942603565043677,
        0.29454387689745704,
        0.3580435306068661,
        0.37373633782679866,
        0.3398855243099439,
        0.31908839110477644,
        0.3805212759866225,
        0.3097538272451947,
        0.324098356413241,
        0.36813338621863717,
        0.34080894769395104,
        0.3554182808410198,
        0.30659216776985676
    ],
    "test_loss": "0.3763862881267172",
    "model": "{\"backend\": \"tensorflow\", \"config\": {\"name\": \"1-conv-model\", \"output_layers\": [[\"softmax\", 0, 0]], \"input_layers\": [[\"input_1\", 0, 0]], \"layers\": [{\"inbound_nodes\": [], \"class_name\": \"InputLayer\", \"name\": \"input_1\", \"config\": {\"dtype\": \"float32\", \"sparse\": false, \"name\": \"input_1\", \"batch_input_shape\": [null, 38, 40, 3]}}, {\"inbound_nodes\": [[[\"input_1\", 0, 0, {}]]], \"class_name\": \"BatchNormalization\", \"name\": \"batch_normalization_1\", \"config\": {\"momentum\": 0.99, \"gamma_constraint\": null, \"epsilon\": 0.001, \"moving_mean_initializer\": {\"class_name\": \"Zeros\", \"config\": {}}, \"trainable\": true, \"moving_variance_initializer\": {\"class_name\": \"Ones\", \"config\": {}}, \"scale\": true, \"gamma_regularizer\": null, \"axis\": -1, \"center\": true, \"beta_constraint\": null, \"name\": \"batch_normalization_1\", \"gamma_initializer\": {\"class_name\": \"Ones\", \"config\": {}}, \"beta_regularizer\": null, \"beta_initializer\": {\"class_name\": \"Zeros\", \"config\": {}}}}, {\"inbound_nodes\": [[[\"batch_normalization_1\", 0, 0, {}]]], \"class_name\": \"Conv2D\", \"name\": \"conv0\", \"config\": {\"kernel_initializer\": {\"class_name\": \"VarianceScaling\", \"config\": {\"mode\": \"fan_avg\", \"scale\": 1.0, \"seed\": null, \"distribution\": \"uniform\"}}, \"bias_initializer\": {\"class_name\": \"Zeros\", \"config\": {}}, \"trainable\": true, \"activation\": \"linear\", \"filters\": 64, \"kernel_regularizer\": null, \"strides\": [1, 1], \"bias_regularizer\": null, \"kernel_size\": [7, 3], \"activity_regularizer\": null, \"dilation_rate\": [1, 1], \"kernel_constraint\": null, \"data_format\": \"channels_last\", \"use_bias\": true, \"name\": \"conv0\", \"padding\": \"valid\", \"bias_constraint\": null}}, {\"inbound_nodes\": [[[\"conv0\", 0, 0, {}]]], \"class_name\": \"Conv2D\", \"name\": \"conv0b\", \"config\": {\"kernel_initializer\": {\"class_name\": \"VarianceScaling\", \"config\": {\"mode\": \"fan_avg\", \"scale\": 1.0, \"seed\": null, \"distribution\": \"uniform\"}}, \"bias_initializer\": {\"class_name\": \"Zeros\", \"config\": {}}, \"trainable\": true, \"activation\": \"linear\", \"filters\": 64, \"kernel_regularizer\": null, \"strides\": [1, 1], \"bias_regularizer\": null, \"kernel_size\": [7, 3], \"activity_regularizer\": null, \"dilation_rate\": [1, 1], \"kernel_constraint\": null, \"data_format\": \"channels_last\", \"use_bias\": true, \"name\": \"conv0b\", \"padding\": \"valid\", \"bias_constraint\": null}}, {\"inbound_nodes\": [[[\"conv0b\", 0, 0, {}]]], \"class_name\": \"BatchNormalization\", \"name\": \"batch_normalization_2\", \"config\": {\"momentum\": 0.99, \"gamma_constraint\": null, \"epsilon\": 0.001, \"moving_mean_initializer\": {\"class_name\": \"Zeros\", \"config\": {}}, \"trainable\": true, \"moving_variance_initializer\": {\"class_name\": \"Ones\", \"config\": {}}, \"scale\": true, \"gamma_regularizer\": null, \"axis\": -1, \"center\": true, \"beta_constraint\": null, \"name\": \"batch_normalization_2\", \"gamma_initializer\": {\"class_name\": \"Ones\", \"config\": {}}, \"beta_regularizer\": null, \"beta_initializer\": {\"class_name\": \"Zeros\", \"config\": {}}}}, {\"inbound_nodes\": [[[\"batch_normalization_2\", 0, 0, {}]]], \"class_name\": \"Activation\", \"name\": \"activation_2\", \"config\": {\"activation\": \"relu\", \"name\": \"activation_2\", \"trainable\": true}}, {\"inbound_nodes\": [[[\"activation_2\", 0, 0, {}]]], \"class_name\": \"MaxPooling2D\", \"name\": \"maxpool\", \"config\": {\"padding\": \"valid\", \"trainable\": true, \"data_format\": \"channels_last\", \"pool_size\": [1, 3], \"name\": \"maxpool\", \"strides\": [1, 3]}}, {\"inbound_nodes\": [[[\"maxpool\", 0, 0, {}]]], \"class_name\": \"Dropout\", \"name\": \"dropout_1\", \"config\": {\"seed\": null, \"name\": \"dropout_1\", \"noise_shape\": null, \"rate\": 0.0, \"trainable\": true}}, {\"inbound_nodes\": [[[\"dropout_1\", 0, 0, {}]]], \"class_name\": \"Conv2D\", \"name\": \"conv1\", \"config\": {\"kernel_initializer\": {\"class_name\": \"VarianceScaling\", \"config\": {\"mode\": \"fan_avg\", 